username;surname;name;email;img
100000001;st1;Student1;100000001@alumnos.uc3m.es;100000001.jpg
100000002;st2;Student2;100000002@alumnos.uc3m.es;100000002.jpg
100000003;st3;Student3;100000003@alumnos.uc3m.es;100000003.jpg
100000004;st4;Student4;100000004@alumnos.uc3m.es;100000004.jpg
100000005;st5;Student5;100000005@alumnos.uc3m.es;100000005.jpg
100000006;st6;Student6;100000006@alumnos.uc3m.es;100000006.jpg
100000007;st7;Student7;100000007@alumnos.uc3m.es;100000007.jpg
100000008;st8;Student8;100000008@alumnos.uc3m.es;100000008.jpg
100000009;st9;Student9;100000009@alumnos.uc3m.es;100000009.jpg
100000010;st10;Student10;100000010@alumnos.uc3m.es;100000010.jpg

